Workbook

Sheet Dashboard
A1: RF FRAMING TAKEOFF SYSTEM
A2: UserForm-Driven Data Entry System
A4: Version 4.0 - Database Edition
A6: GETTING STARTED:
A7: 1. Press ALT+F11 to open VBA Editor (or Tools > Macro > Visual Basic Editor on Mac)
A8: 2. Insert > UserForm to create the data entry interface
A9: 3. Use the Database sheet to view all stored takeoffs
A10: 4. Each project gets a unique Project ID for tracking
A11: 5. All data is validated before being stored
A13: WORKFLOW:
A14: • Project Info → Post & Beam → Floor Systems → Walls → Roof → Deck
A15: • Each stage has a checklist to ensure completeness
A16: • Data is stored in centralized database tables | B16: =COUNTA(Database!B:B)-1 -> 1
A17: • Generate material lists from any historical project | B17: =COUNTIF(Database!L:L,"Active") -> 1
B18: =COUNTIF(Database!L:L,"Complete") -> 0
B19: =SUMIF(WallData!B:B,Dashboard!B3,WallData!O:O) -> 0
A20: DATABASE STATISTICS | B20: =SUMIF(RoofData!B:B,Dashboard!B3,RoofData!I:I) -> 0
A21: Total Projects: | B21: =COUNTA(Database!B:B)-1 -> 1
A22: Active Projects: | B22: =COUNTIF(Database!L:L,"Active") -> 1
A23: Completed Projects: | B23: =COUNTIF(Database!L:L,"Complete") -> 0
A24: Total Wall Panels: | B24: =SUM(WallData!M:M) -> 0
A25: Total Roof SF: | B25: =SUM(RoofData!G:G) -> 0

Sheet Database
A1: Project ID | B1: Project Name | C1: Project Number | D1: Client Name | E1: Estimator | F1: Date Created | G1: Address | H1: City | I1: State | J1: Zip | K1: Building Type | L1: Status | M1: Stories | N1: Has Deck | O1: Total SF | P1: Notes
A2: PROJ-001 | B2: Sample Project | C2: 2025-001 | D2: ABC Construction | E2: John Smith | F2: 2025-10-18 | K2: Residential | L2: Active | M2: 2 | N2: Yes

Sheet WallData
A1: Entry ID | B1: Project ID | C1: Floor Level | D1: Plan # | E1: Elevation | F1: Wall ID | G1: Length (LF) | H1: Height (FT) | I1: Gross SF | J1: Opening SF | K1: Net SF | L1: Corners | M1: Header LF | N1: Panel Height | O1: Panel Qty | P1: Entry Date | Q1: Verified
A2: Data entered via UserForm - do not edit directly

Sheet RoofData
A1: Entry ID | B1: Project ID | C1: Plan # | D1: Section | E1: Run (FT) | F1: Depth (FT) | G1: Pitch | H1: Slope Factor | I1: Gross SF | J1: Eave OH | K1: Rake OH | L1: Ridge LF | M1: Hip LF | N1: Valley LF | O1: Entry Date | P1: Verified

Sheet PostBeamData
A1: Entry ID | B1: Project ID | C1: Location | D1: Beam ID | E1: Beam Type | F1: Beam Size | G1: Beam Length | H1: Beam Qty | I1: Total LF | J1: Post Size | K1: Post Height | L1: Post Qty | M1: Bearing Plates | N1: Hangers | O1: Entry Date | P1: Verified

Sheet FloorSystemData
A1: Entry ID | B1: Project ID | C1: Floor Level | D1: Area ID | E1: Joist Type | F1: Joist Size | G1: Spacing | H1: Span Length | I1: Span Depth | J1: Area SF | K1: Blocking LF | L1: Joist Qty | M1: Sheathing SF | N1: Glue Tubes | O1: Hangers | P1: Entry Date | Q1: Verified

Sheet DeckFramingData
A1: Entry ID | B1: Project ID | C1: Deck Area | D1: Post Size | E1: Post Qty | F1: Beam Size | G1: Beam LF | H1: Joist Size | I1: Joist Spacing | J1: Area Length | K1: Area Depth | L1: Joist Qty | M1: Ledger Size | N1: Ledger LF | O1: Hardware Type | P1: Entry Date | Q1: Verified

Sheet DeckSurfaceData
A1: Entry ID | B1: Project ID | C1: Area ID | D1: Decking Type | E1: Area SF | F1: Board Length | G1: Board Qty | H1: Fascia LF | I1: Blocking Pcs | J1: Screws Lbs | K1: Rail LF | L1: Post Qty | M1: Baluster Qty | N1: Entry Date | O1: Verified

Sheet MaterialSummary
A1: MATERIAL SUMMARY GENERATOR
A3: Project ID:
A4: System:
A6: Instructions:
A7: 1. Enter Project ID in B3
A8: 2. Select system in B4 (Walls, Roof, Post/Beam, Floors, Deck)
A9: 3. Material list will generate below from database
A11: Category | B11: SKU | C11: Description | D11: Specification | E11: Quantity | F11: Unit | G11: Unit Price | H11: Extended Cost | I11: Notes
A12: Walls | B12: WALL-001 | C12: RF Wall Panels - 8ft | D12: 8' Height | E12: =SUMIFS(WallData!O:O,WallData!B:B,$B$3,WallData!N:N,"8") -> 0 | F12: EA | G12: 0 | H12: =E12*G12 -> 0
A13: Walls | B13: WALL-002 | C13: RF Wall Panels - 9ft | D13: 9' Height | E13: =SUMIFS(WallData!O:O,WallData!B:B,$B$3,WallData!N:N,"9") -> 0 | F13: EA | G13: 0 | H13: =E13*G13 -> 0
A14: Walls | B14: WALL-003 | C14: RF Wall Panels - 10ft | D14: 10' Height | E14: =SUMIFS(WallData!O:O,WallData!B:B,$B$3,WallData!N:N,"10") -> 0 | F14: EA | G14: 0 | H14: =E14*G14 -> 0
A15: Walls | B15: WALL-004 | C15: Plate Material | D15: 2x4 SPF | E15: =SUMIF(WallData!B:B,$B$3,WallData!G:G)*4.5 -> 0 | F15: LF | G15: 0 | H15: =E15*G15 -> 0
A16: Walls | B16: WALL-005 | C16: Headers | D16: 2x10 or 2x12 | E16: =SUMIF(WallData!B:B,$B$3,WallData!M:M) -> 0 | F16: LF | G16: 0 | H16: =E16*G16 -> 0
A17: Walls | B17: WALL-006 | C17: Corner Hardware | D17: Simpson L90 | E17: =SUMIF(WallData!B:B,$B$3,WallData!L:L) -> 0 | F17: EA | G17: 0 | H17: =E17*G17 -> 0
A18: Roof | B18: ROOF-001 | C18: Roof Sheathing | D18: 7/16" OSB | E18: =SUMIF(RoofData!B:B,$B$3,RoofData!I:I) -> 0 | F18: SF | G18: 0 | H18: =E18*G18 -> 0
A19: Roof | B19: ROOF-002 | C19: Ridge Board | D19: 2x8 or larger | E19: =SUMIF(RoofData!B:B,$B$3,RoofData!L:L) -> 0 | F19: LF | G19: 0 | H19: =E19*G19 -> 0
A20: Roof | B20: ROOF-003 | C20: Hip Material | D20: 2x6 | E20: =SUMIF(RoofData!B:B,$B$3,RoofData!M:M) -> 0 | F20: LF | G20: 0 | H20: =E20*G20 -> 0
A21: Roof | B21: ROOF-004 | C21: Valley Material | D21: 2x6 | E21: =SUMIF(RoofData!B:B,$B$3,RoofData!N:N) -> 0 | F21: LF | G21: 0 | H21: =E21*G21 -> 0
A22: Post/Beam | B22: PB-001 | C22: Structural Beams | D22: LVL/PSL/Glulam | E22: =SUMIF(PostBeamData!B:B,$B$3,PostBeamData!I:I) -> 0 | F22: LF | G22: 0 | H22: =E22*G22 -> 0
A23: Post/Beam | B23: PB-002 | C23: Posts | D23: 4x4, 4x6, 6x6 | E23: =SUMIF(PostBeamData!B:B,$B$3,PostBeamData!L:L) -> 0 | F23: EA | G23: 0 | H23: =E23*G23 -> 0
A24: Post/Beam | B24: PB-003 | C24: Bearing Plates | D24: Steel or BPS | E24: =SUMIF(PostBeamData!B:B,$B$3,PostBeamData!M:M) -> 0 | F24: EA | G24: 0 | H24: =E24*G24 -> 0
A25: Post/Beam | B25: PB-004 | C25: Beam Hangers | D25: LUS/IUS Series | E25: =SUMIF(PostBeamData!B:B,$B$3,PostBeamData!N:N) -> 0 | F25: EA | G25: 0 | H25: =E25*G25 -> 0
A26: Floors | B26: FLR-001 | C26: Floor Joists | D26: 2x10, 2x12, I-Joist | E26: =SUMIF(FloorSystemData!B:B,$B$3,FloorSystemData!L:L) -> 0 | F26: EA | G26: 0 | H26: =E26*G26 -> 0
A27: Floors | B27: FLR-002 | C27: Floor Sheathing | D27: 3/4" T&G OSB | E27: =SUMIF(FloorSystemData!B:B,$B$3,FloorSystemData!M:M) -> 0 | F27: SF | G27: 0 | H27: =E27*G27 -> 0
A28: Floors | B28: FLR-003 | C28: Subfloor Adhesive | D28: Construction Glue | E28: =SUMIF(FloorSystemData!B:B,$B$3,FloorSystemData!N:N) -> 0 | F28: Tubes | G28: 0 | H28: =E28*G28 -> 0
A29: Floors | B29: FLR-004 | C29: Joist Hangers | D29: IUS/ITS Series | E29: =SUMIF(FloorSystemData!B:B,$B$3,FloorSystemData!O:O) -> 0 | F29: EA | G29: 0 | H29: =E29*G29 -> 0
A30: Floors | B30: FLR-005 | C30: Blocking Material | D30: Same as Joists | E30: =SUMIF(FloorSystemData!B:B,$B$3,FloorSystemData!K:K) -> 0 | F30: LF | G30: 0 | H30: =E30*G30 -> 0
A31: Deck | B31: DECK-001 | C31: Deck Posts | D31: 6x6 PT | E31: =SUMIF(DeckFramingData!B:B,$B$3,DeckFramingData!E:E) -> 0 | F31: EA | G31: 0 | H31: =E31*G31 -> 0
A32: Deck | B32: DECK-002 | C32: Deck Beams | D32: 2x8, 2x10 PT | E32: =SUMIF(DeckFramingData!B:B,$B$3,DeckFramingData!G:G) -> 0 | F32: LF | G32: 0 | H32: =E32*G32 -> 0
A33: Deck | B33: DECK-003 | C33: Deck Joists | D33: 2x6, 2x8 PT | E33: =SUMIF(DeckFramingData!B:B,$B$3,DeckFramingData!L:L) -> 0 | F33: EA | G33: 0 | H33: =E33*G33 -> 0
A34: Deck | B34: DECK-004 | C34: Ledger Board | D34: Same as Joists | E34: =SUMIF(DeckFramingData!B:B,$B$3,DeckFramingData!N:N) -> 0 | F34: LF | G34: 0 | H34: =E34*G34 -> 0
A35: Deck | B35: DECK-005 | C35: Z-MAX Hardware | D35: All Corrosion Resistant | E35: =SUMIF(DeckFramingData!B:B,$B$3,DeckFramingData!E:E)*4 -> 0 | F35: EA | G35: 0 | H35: =E35*G35 -> 0
A36: Deck Surface | B36: SURF-001 | C36: Decking Boards | D36: PT, Composite, Cedar | E36: =SUMIF(DeckSurfaceData!B:B,$B$3,DeckSurfaceData!G:G) -> 0 | F36: EA | G36: 0 | H36: =E36*G36 -> 0
A37: Deck Surface | B37: SURF-002 | C37: Fascia Board | D37: Matches Decking | E37: =SUMIF(DeckSurfaceData!B:B,$B$3,DeckSurfaceData!H:H) -> 0 | F37: LF | G37: 0 | H37: =E37*G37 -> 0
A38: Deck Surface | B38: SURF-003 | C38: Blocking Pieces | D38: For Composite | E38: =SUMIF(DeckSurfaceData!B:B,$B$3,DeckSurfaceData!I:I) -> 0 | F38: EA | G38: 0 | H38: =E38*G38 -> 0
A39: Deck Surface | B39: SURF-004 | C39: Deck Screws | D39: Coated/Stainless | E39: =SUMIF(DeckSurfaceData!B:B,$B$3,DeckSurfaceData!J:J) -> 0 | F39: Lbs | G39: 0 | H39: =E39*G39 -> 0
A40: Deck Surface | B40: SURF-005 | C40: Rail Posts | D40: 4x4 PT | E40: =SUMIF(DeckSurfaceData!B:B,$B$3,DeckSurfaceData!L:L) -> 0 | F40: EA | G40: 0 | H40: =E40*G40 -> 0
A41: Deck Surface | B41: SURF-006 | C41: Balusters | D41: 2x2, Metal | E41: =SUMIF(DeckSurfaceData!B:B,$B$3,DeckSurfaceData!M:M) -> 0 | F41: EA | G41: 0 | H41: =E41*G41 -> 0

Sheet ValidationRules
A1: DATA VALIDATION RULES
A3: Field Name | B3: Rule | C3: Error Message
A4: Project Name | B4: Required, max 100 chars | C4: Project name cannot be blank
A5: Floor Level | B5: Must be: Basement, 1st, 2nd, 3rd, 4th | C5: Invalid floor level
A6: Wall Height | B6: Must be 0.1 to 20 feet | C6: Height must be between 0.1 and 20 feet
A7: Panel Height | B7: Must be 8, 9, 10, or 12 feet | C7: Panel height must be standard size
A8: Roof Pitch | B8: Format: X/12 (e.g., 6/12) | C8: Invalid pitch format
A9: Joist Spacing | B9: Must be: 12, 16, 19.2, or 24 O.C. | C9: Invalid joist spacing
A10: Deck Hardware | B10: Must be Z-MAX for all deck | C10: Deck hardware must be corrosion resistant

Sheet Checklists
A1: TAKEOFF STAGE CHECKLISTS
A3: PROJECT SETUP CHECKLIST
A4: ☐ Project name entered
A5: ☐ Project number assigned
A6: ☐ Client information complete
A7: ☐ Estimator name recorded
A8: ☐ Building address entered
A9: ☐ Building type selected
A10: ☐ Number of stories confirmed
A11: ☐ Project scope defined
A13: WALL TAKEOFF CHECKLIST
A14: ☐ All elevations identified (N, S, E, W)
... A44: ☐ Beam hangers = beam count

Sheet UserFormGuide
A1: USERFORM IMPLEMENTATION GUIDE
A3: REQUIRED VBA CODE
A5: Step 1: Create UserForm
A6: • Press ALT+F11 to open VBA Editor
A7: • Insert > UserForm
A8: • Design form with tabs for each stage
A10: Step 2: Add Controls
A11: • Tab 1: Project Info (TextBoxes, ComboBoxes)
A12: • Tab 2: Post & Beam (Grid, TextBoxes)
A13: • Tab 3: Floor Systems (Grid, Dropdowns)
A14: • Tab 4: Walls (Grid with Floor Level dropdown)
A15: • Tab 5: Roof (Grid with Pitch calculator)
... A55: End Sub

Sheet LookupTables
A1: REFERENCE LOOKUP TABLES
A3: ROOF PITCH TO SLOPE FACTOR | D3: WALL HEIGHT TO PANEL HEIGHT | G3: JOIST SPACING CALCULATIONS
A4: Pitch | B4: Slope Factor | D4: Wall Height Range | E4: Order Panel Height | G4: Spacing | H4: Formula | I4: Description
A5: 3/12 | B5: 1.031 | D5: Up to 8 feet | E5: 8 ft | G5: 12" O.C. | H5: Length + 1 | I5: Most joists
A6: 4/12 | B6: 1.054 | D6: 8.01 to 9 feet | E6: 9 ft | G6: 16" O.C. | H6: Length ÷ 1.33 + 1 | I6: Standard
A7: 5/12 | B7: 1.083 | D7: 9.01 to 10 feet | E7: 10 ft | G7: 19.2" O.C. | H7: Length ÷ 1.6 + 1 | I7: Engineered
A8: 6/12 | B8: 1.118 | D8: 10.01 to 12 feet | E8: 12 ft | G8: 24" O.C. | H8: Length ÷ 2 + 1 | I8: Wide spacing
A9: 7/12 | B9: 1.158
A10: 8/12 | B10: 1.202
A11: 9/12 | B11: 1.25
A12: 10/12 | B12: 1.302
A13: 12/12 | B13: 1.414
